title,org,html_class
"None",Bristol,
Instructor in Training,Bristol,
Apprentice,Bristol,
Apprentice Ski 1,Bristol,
Apprentice Ski 2,Bristol,
Apprentice Ski 3,Bristol,
Apprentice SB 1,Bristol,
Apprentice SB 2,Bristol,
Apprentice SB 3,Bristol,
Apprentice Instructor Ski,Bristol,
Apprentice Instructor SB,Bristol, 
SB Instructor,Bristol,
Ski Instructor,Bristol,
X-Country Instructor,Bristol,
Race Worker,Bristol,
Race Coach,Bristol,
Freestyle Coach,Bristol,
AASI Level 1,AASI,
AASI Level 2,AASI,
AASI Level 3,AASI,
PSIA Level 1,PSIA,
PSIA Level 2,PSIA,
PSIA Level 3,PSIA,
Telemark Level 1,PSIA,
Telemark Level 2,PSIA,
Telemark Level 3,PSIA,
Adaptive Level 1,PSIA,
Adaptive Level 2,PSIA,
Adaptive Level 3,PSIA,
Adaptive Level 1,AASI,
Adaptive Level 2,AASI,
Adaptive Level 3,AASI,
Frestyle Level 1,AASI,
Frestyle Level 2,AASI,
Frestyle Level 3,AASI,
Frestyle Level 1,PSIA,
Frestyle Level 2,PSIA,
Frestyle Level 3,PSIA,
Frestyle Level 1 Bristol,Bristol,
Frestyle Level 2 Bristol,Bristol,
Frestyle Level 3 Bristol,Bristol,
Childern 1,PSIA,
Childern 2,PSIA,
Level 1 SB,Bristol,
Level 2 SB,Bristol,
Level 3 SB,Bristol,
Level 1 Ski,Bristol,
Level 2 Ski,Bristol,
Level 3 Ski,Bristol,
Park 1,Bristol,
Park Lead,Bristol,
Park Sup,Bristol,
Ski Lineup Sup,Bristol,
SB Lineup Sup,Bristol,
Park Manager,Bristol,
Level 1 Park SB,Bristol,
Level 2 Park SB,Bristol,
Level 1 Park SKI,Bristol,
Level 2 Park SKI,Bristol,
Level 1 Aerials,USAA,
Level 2 Aerials,USAA,
Level 3 Aerials,USAA,
Level 100 Moguls,USAA,
Level 200 Moguls,USAA,
level 100 Apline,USAA,
level 200 Apline,USAA,
Ski Tech,Bristol,
CLC Sup,Bristol,
CLC Manager,Bristol,
Cashier,Bristol,
